country,year,economic_loss
Australia,2017,0.000069
Japan,2017,0.00071
Norway,2017,0.000339
Sweden,2018,0.001288
Switzerland,2017,0.001701
United States,2017,0.003214
